[[{"location":"C:\\Users\\charmi\\MediaOceanworkspace\\KabbadiProj","type":"PROJECT","hints":{"PROJECT_NAME":"KabbadiProj"}},"KabbadiProj:KabbadiProj:0.0.1"],[{"location":"C:\\Users\\charmi\\.m2\\repository\\org\\hibernate\\javax\\persistence\\hibernate-jpa-2.1-api\\1.0.0.Final\\hibernate-jpa-2.1-api-1.0.0.Final.jar","type":"JAR","hints":{}},"org.hibernate.javax:org.hibernate.javax.persistence.hibernate-jpa-2.1-api:1.0.0"],[{"location":"C:\\Program Files\\Java\\jre1.8.0_111","type":"JRE","hints":{"EXECUTION_ENVIRONMENT":"JavaSE-1.8"}},"jre:jre:1.8.0"]]