<beans xmlns="http://www.springframework.org/schema/beans"
    xmlns:xsi="http://www.w3.org/2001/XMLSchema-instance" 
    xmlns:context="http://www.springframework.org/schema/context"
    xmlns:tx="http://www.springframework.org/schema/tx"
    xmlns:mvc="http://www.springframework.org/schema/mvc"
    xsi:schemaLocation="http://www.springframework.org/schema/beans
	http://www.springframework.org/schema/beans/spring-beans-3.0.xsd
	http://www.springframework.org/schema/context
	http://www.springframework.org/schema/context/spring-context-3.0.xsd
	http://www.springframework.org/schema/tx http://www.springframework.org/schema/tx/spring-tx-3.2.xsd
	http://www.springframework.org/schema/mvc http://www.springframework.org/schema/mvc/spring-mvc-3.2.xsd">
 
 	<!-- It register the beans in context and scan the annotations inside beans and activate them -->
    <context:component-scan base-package="com.mediaocean.services" />
    
    <bean id="teamScheduleService" class="com.mediaocean.services.TeamScheduleService" />
    
    <!-- This allow for dispatching requests to Controllers by registering 
    	 two beans - DefaultAnnotationHandlerMapping and AnnotationMethodHandlerAdapter -->
    <mvc:annotation-driven />
     
   <!-- responsible for registering the necessary Spring components that power annotation-driven transaction management; 
        such as when @Transactional methods are invoked -->
   <tx:annotation-driven />
   <!-- This produces a container-managed EntityManagerFactory; 
    	 rather than application-managed EntityManagerFactory as in case of LocalEntityManagerFactoryBean-->
    <bean id="entityManagerFactoryBean" class="org.springframework.orm.jpa.LocalContainerEntityManagerFactoryBean">
      <property name="dataSource" ref="dataSource" />
      <!-- This makes /META-INF/persistence.xml is no longer necessary -->
      <property name="packagesToScan" value="com.mediaocean.model" />

      <!-- JpaVendorAdapter implementation for Hibernate EntityManager.
      	   Exposes Hibernate's persistence provider and EntityManager extension interface -->
      <property name="jpaVendorAdapter">
         <bean class="org.springframework.orm.jpa.vendor.HibernateJpaVendorAdapter" />
      </property>
      <property name="jpaPropertyMap">
         <props>
            <prop key="hibernate.hbm2ddl.auto">validate</prop>
            <prop key="hibernate.dialect">org.hibernate.dialect.MySQLDialect</prop>
         </props>
      </property>
   </bean>
 
   <!-- Simple implementation of the standard JDBC DataSource interface, 
   		configuring the plain old JDBC DriverManager via bean properties -->
   <bean id="dataSource" class="org.springframework.jdbc.datasource.DriverManagerDataSource">
      <property name="driverClassName" value="com.mysql.jdbc.Driver" />
      <property name="url" value="jdbc:mysql://localhost:3306/test" />
      <property name="username" value="root" />
      <property name="password" value="password" />
   </bean>
    
    <!-- This transaction manager is appropriate for applications that use a single JPA EntityManagerFactory for transactional data access. 
    	JTA (usually through JtaTransactionManager) is necessary for accessing multiple transactional resources within the same transaction. -->
    <bean id="transactionManager" class="org.springframework.orm.jpa.JpaTransactionManager">
      <property name="entityManagerFactory" ref="entityManagerFactoryBean" />
   </bean>
   
  
</beans>